patient0,patient1,patient2,patient3,patient4,patient5,patient6,patient7,patient8,patient9,patient10,patient11,patient12,patient13,patient14,patient15,patient16,patient17,patient18,patient19,patient20,patient21,patient22,patient23,patient24,patient25,patient26,patient27,patient28,patient29,patient30,patient31,patient32,patient33,patient34,patient35,patient36,patient37,patient38,patient39
1.0,1.0,1.0,1.0,1.0,1.0,1.0,1.0,1.0,1.0,1.0,1.0,1.0,1.0,1.0,1.0,1.0,1.0,1.0,1.0,1.0,1.0,1.0,1.0,1.0,1.0,1.0,1.0,1.0,1.0,1.0,1.0,1.0,1.0,1.0,1.0,1.0,1.0,1.0,1.0
0.9904360593979371,0.9501266895940738,0.9885847465532215,0.929955671473842,0.9759837151133621,0.9899876453654656,0.9408336264000448,0.9611754223332907,0.947718480929439,0.9512866467213195,0.9923261465293246,0.9904612041495247,0.9679705583196248,0.9571142313619296,0.9571142313619296,0.985155451445383,0.9749704994239544,0.9721072262482949,0.9560099628219068,0.9922283514851814,0.9681720113194509,0.9639585066220013,0.9836421527575646,0.9764417404022953,0.9822184053812615,0.9841599681871477,0.9914491759569234,0.9825329507420502,0.9702679041721795,0.9507987639399346,0.9853567788789602,0.9735922637544133,0.9902996205416449,0.9628409193342863,0.9746160014853692,0.9797453579001252,0.9802764377960265,0.9831913129353512,0.9877046716950194,0.9713239876567372
0.9678023778488046,0.8874586265529193,0.9585222146429956,0.8203708404101532,0.9336521138439088,0.9639514747710061,0.8441540767937832,0.8965452584024441,0.8740745868247495,0.8897163862454918,0.9704514089010614,0.9633580094867824,0.9214502988338876,0.8702759629960788,0.8702759629960788,0.9562698650105024,0.9281519216571958,0.9272021105993663,0.8776580592521654,0.9745783838225396,0.913753488994216,0.8788475030144862,0.9407878521834906,0.9201221165978029,0.9337417933550882,0.945358891730391,0.9683634939553112,0.9493249182042625,0.9017622806655168,0.889075177814916,0.9462675590192245,0.9071316965278422,0.9671332592005867,0.9112083473021008,0.9269443256985491,0.9425259188640378,0.9386631754584231,0.9372684162856566,0.9530880825088058,0.9315745036922282
0.9349207277437386,0.8179560046462454,0.9153724647924986,0.6869768081013881,0.8807473223472678,0.926284022066464,0.7185486101238567,0.8119631140344816,0.7908365020207867,0.8193790644163284,0.9355696810247871,0.9207539276628259,0.8658176172037291,0.7497328265710668,0.7497328265710668,0.9189432445533727,0.8646157034317683,0.8704580971003136,0.7826429263662396,0.9473245003576592,0.8414195969924894,0.7552675994189559,0.8774489095922169,0.8433071851535022,0.8614533890111951,0.8879756595017975,0.9362766948439672,0.90265745814208,0.8026943075256006,0.8219490787841218,0.8881275640140573,0.8084371364909549,0.9327660242071113,0.8509276233012897,0.8637764272196377,0.8954976183099506,0.882462334178617,0.8707609848118356,0.9014846599812898,0.8866063629392292
0.8955983644502375,0.7475908013993308,0.8650949472479008,0.5466932407213236,0.8243451227626925,0.8817584480896971,0.5810161164892162,0.7146983753254454,0.7089237821689995,0.7424778157699843,0.889526596608577,0.8653518981188604,0.8063543741638507,0.6091033999833705,0.6091033999833705,0.8783285099627778,0.7883008550792682,0.8046592276118979,0.6849333841563668,0.9124858841504117,0.7549872377712175,0.6079382579343912,0.7998133622902666,0.7594854760262284,0.7737919598011129,0.8177745956704237,0.9005647803707342,0.8453676660192907,0.6836564228577455,0.7528751229606919,0.8166247496216171,0.6888615277599255,0.889477506372635,0.7870295656958258,0.7921943199012006,0.8451110776196437,0.8214072894103767,0.7929393178420782,0.8392210598981805,0.8415373349684147
0.8532610499777301,0.6805785613396345,0.8127013716960719,0.41234803710085416,0.7695879708440466,0.8346980977819883,0.44280051920307767,0.6116204418096829,0.6356716593071357,0.6622633020649988,0.8342028365230822,0.8002658636877144,0.7472348730233201,0.46197773805029146,0.46197773805029146,0.8383586508684111,0.7037501270812024,0.7334008709744406,0.5947784160060245,0.8728434113557894,0.658155287578051,0.4514855962439421,0.7133749264565087,0.6797046498824962,0.6786979958350915,0.7403131336490462,0.8645056255627863,0.7819162811829928,0.5541885096127682,0.684805353158471,0.7382245122742289,0.5599492942138984,0.839760289219287,0.7233129330857363,0.7180576886590713,0.7963845221252395,0.7617643921449894,0.7108907782656048,0.7722019127696437,0.7984031939310895
0.810393277459229,0.6186694482514179,0.7614137894272053,0.2893591705423692,0.7184425694792687,0.7881374028153366,0.31381173545000235,0.5077110927977374,0.5729902648798243,0.5826938177859495,0.7714341905694115,0.7286039555248898,0.691118421989344,0.3199497462726652,0.3199497462726652,0.8008158556090894,0.61497478722522,0.6597887879395055,0.515163099460569,0.8288801668643284,0.5541860494850847,0.29837191290782245,0.6223969029417502,0.6102945874077147,0.5825045093450956,0.660990807728417,0.8286594846744791,0.7155321885524742,0.4216540557451403,0.6194250568992421,0.6594114779742493,0.43182412370416456,0.7859202904787324,0.6614053725304873,0.6450977807849785,0.7520717074146106,0.706182552033906,0.6284089007601449,0.7051349257952144,0.7563017553444805
0.7683576609608048,0.5619913466213172,0.7122662363231647,0.18012880302522993,0.670409554415414,0.7432637423964112,0.2022773206248843,0.40665637045059594,0.5189664861935606,0.5074864345749152,0.702952279555466,0.6531020307302986,0.6374924438822852,0.1918766787094779,0.1918766787094779,0.7656606338511339,0.5250849515342885,0.5877350078036302,0.44303019693790496,0.7825272969152719,0.44725279933936996,0.15817879526835088,0.5296716836460849,0.5527146275058507,0.48914631713644713,0.584994376112294,0.7912747895920046,0.6484176863750853,0.291455193539123,0.5576719980668788,0.5853598948723385,0.31252344030419527,0.7298113980993554,0.6017809098630692,0.5754225381639569,0.7118301931539058,0.6553029124414256,0.5466225813943254,0.6411993106043488,0.7143137636033458
0.7275137639227206,0.5090502137270712,0.6647108277053438,0.08365135343479796,0.6232329374770038,0.6998804198684327,0.1134374256177301,0.3115468231949613,0.46898042068564955,0.4404405628430018,0.6302234979451978,0.576063477915147,0.5843935054303632,0.08394681880033193,0.08394681880033193,0.7315265862552992,0.43816160881997884,0.520439139153534,0.3731513804729555,0.7343697069901112,0.34016434323551664,0.03776775111056528,0.4370815143589989,0.5039041541579637,0.3999768277985291,0.516747543639001,0.7495727625146816,0.5821744574124356,0.16771239863578694,0.49973239521685164,0.5189135124534421,0.20798509765396714,0.672843819753258,0.5437830205082334,0.509868581214158,0.6735484645827661,0.6080524474132226,0.46517831103571444,0.5821276584286552,0.6718926318048989
0.6875242333440131,0.4592535791046949,0.6179470921953437,0.00025908533810013783,0.5750168692014042,0.6575524395541514,0.049039493082191146,0.22483450090361126,0.4197160423271431,0.3833865279826858,0.5544860053160583,0.4995530977515364,0.5315312342200621,0.00012077173715126734,0.00012077173715126734,0.6970831060137324,0.3571221352547087,0.4589963559023696,0.30317243606538796,0.6859714832353642,0.2352868622372988,-0.05818346411714654,0.3459755891835936,0.4585128608267689,0.3148759368182462,0.45956611145057813,0.7013768822721898,0.5181408239126013,0.05371981480340707,0.44510136385065274,0.46109051100320636,0.12234844344595766,0.6160227038827828,0.48719189960275844,0.44940416473475414,0.6361699511898529,0.5630719592843918,0.38315170386234976,0.5287504834797422,0.6287715748058679
0.6478201979621623,0.4126087362321835,0.5712982190889276,-0.06896488360223237,0.5245432256223025,0.6159886440146622,0.00937045886127342,0.1481982468298857,0.3693218477904946,0.33550885882852605,0.4768439391356939,0.4251200280133018,0.4796790290951864,-0.05744625864437201,-0.05744625864437201,0.6613468960651387,0.28333238369896707,0.4047785411180643,0.2337366412844855,0.6377516201988251,0.13450398470426367,-0.126694579372263,0.2573762670212238,0.4135668387710653,0.23378981409369265,0.4155606594163984,0.646295571880027,0.4570679090896564,-0.04784402806157192,0.3934453004343066,0.4116751078909506,0.058269510685171395,0.5599700525370841,0.4321340351107192,0.39525828476794983,0.5995279909680717,0.5195903850605796,0.29979570097368824,0.4816245631435435,0.5853466486244611
0.6080130411594697,0.3692500332305235,0.5241517835065037,-0.12316000539341304,0.47137007822026566,0.5752227909983635,-0.006530923912086467,0.08258475182133561,0.3172837683291328,0.295663289401388,0.39830505792841225,0.3536900453792474,0.4294783895232892,-0.08815241797149265,-0.08815241797149265,0.6238534748237953,0.21763481704671198,0.3587823215273556,0.16716676053777074,0.5903985377499062,0.039230261940471016,-0.16617911911104302,0.17203019396520453,0.36853767758343486,0.1575467788833782,0.3855032439693924,0.5859861680648132,0.4005140752561684,-0.1346670144784315,0.34570164397811176,0.36963150323535954,0.017140394742666123,0.5050147297999614,0.37877757487601893,0.348048603135468,0.5634704321106483,0.4770042896235352,0.21521887442170756,0.4412155991643014,0.5423643704042492
0.5679721283349642,0.32999033139761863,0.4761185489920963,-0.16123346132418787,0.41618262336731143,0.535730163916616,-0.005777949355658966,0.028186008947069754,0.26480153186366884,0.26272718432366354,0.3197647903876196,0.2855840794466128,0.381386492636445,-0.09288666306634462,-0.09288666306634462,0.5848664370492449,0.16039024202125293,0.32154992228512663,0.10518893606912295,0.5439980999324898,-0.049183100680892496,-0.1763061253100064,0.09031165676640626,0.32529028033313034,0.08807479596569197,0.36862765373787043,0.5234288946042702,0.3468427877700337,-0.2049633357226183,0.3018854560462619,0.33359285641655656,-0.0007935328235997942,0.4512872869615292,0.3276750089934463,0.30846046495865537,0.527590418755503,0.43551888926905596,0.13060701770009955,0.40797975986963725,0.5002068193324015
0.5277711831484784,0.29543901980429355,0.42723346740650026,-0.18298456027880453,0.3599988601259386,0.4980877117799444,0.013974805184909777,-0.015394505887927961,0.21324829270828935,0.23626430236011078,0.24196693489295765,0.22071223671342713,0.33557863793641135,-0.07415050264871195,-0.07415050264871195,0.5449671628664092,0.11167460270605703,0.2930362283601202,0.04753678372693508,0.4986984397694573,-0.12841430059847614,-0.15801046645500436,0.012071202917353698,0.2868193234177834,0.028310339246640715,0.3625015182501792,0.4614232974130114,0.2998496377291552,-0.25751620690843213,0.26141596304832543,0.3014233933702876,0.0035889878755132544,0.3988729441148886,0.2792833054048953,0.2765476309647479,0.4912270321362677,0.39524773368567667,0.0476759976636161,0.38221785325027396,0.4584878746969748
0.48767727395001353,0.2647135837938078,0.37794115749272583,-0.1912143735765776,0.30356475031298963,0.462484380322941,0.042340594883088924,-0.04949931141407994,0.16299376655530354,0.2156304666300065,0.16535110309124776,0.15881810344343358,0.2919896034594354,-0.03632610526014138,-0.03632610526014138,0.5046700016313689,0.07125171079827158,0.2721995719845273,-0.005892525056693978,0.45437479144284476,-0.19614022146865023,-0.11365136604686173,-0.06336318537118124,0.25555619973950194,-0.018506465657572767,0.363552517241023,0.4012583164175996,0.2592499208076221,-0.291794349283578,0.22373929982813218,0.27127978850863405,0.02821406155179325,0.34795992662166253,0.2336015513199507,0.251775028069306,0.45367280474187244,0.3558198838209956,-0.032162286155293,0.36373070768726207,0.4165674155958382
0.4480426426169773,0.2365621132203742,0.32866106345979673,-0.18842272828210918,0.24795932527899855,0.42853955465652993,0.07559480140222956,-0.07388772009914923,0.11481982674229285,0.19904069855580236,0.0902378423531081,0.09953943359639977,0.2506228537054957,0.014090459349154517,0.014090459349154517,0.4647432786846168,0.03861152293561328,0.25749284607529266,-0.05436174560192869,0.41108435614176,-0.2509961396317714,-0.047329177703410844,-0.13649712048893473,0.23201162688237248,-0.050545049750242814,0.36804867221387666,0.3426036193828748,0.22412115740564428,-0.3082342833358753,0.1882954092235879,0.2413553010534606,0.069641788748126,0.29900645768146866,0.19098757494256335,0.23368695228860045,0.4144571089850069,0.3168289946010362,-0.10803564521516884,0.35153695472245033,0.3745994482055603
0.4090528571989937,0.2099691624066863,0.2793268307969001,-0.17638355331108246,0.1946044570620986,0.3954299567071826,0.10825779045608916,-0.08837318995981691,0.07045116410872765,0.18382662759135787,0.016996410875878713,0.04270592410414021,0.2117247586426655,0.06864176031115396,0.06864176031115396,0.4261770081647814,0.01341354421532267,0.2471207380048725,-0.09657173108164283,0.36881147252613916,-0.2930588648385351,0.034614414875083405,-0.20742330628637312,0.21411911037841538,-0.06862801317646176,0.3723346763376551,0.2845291574969352,0.1930911415024936,-0.30873386903375954,0.1546430099002603,0.2092622161200669,0.12278480071413432,0.2525781173383545,0.15225272924214972,0.22224495622559884,0.3735314564326923,0.27723205357096375,-0.17926645411592781,0.3437563891770442,0.33410818163407646
0.37045633435474556,0.1842205524105274,0.22941693013724074,-0.15565984980670097,0.14501552417202915,0.36187576009336025,0.13697017808142853,-0.0927197539129159,0.031888894521154516,0.16918332359242166,-0.05394545439205916,-0.011454137481569447,0.1754375478973468,0.11758236077513427,0.11758236077513427,0.3899571032568561,-0.0035345523966414357,0.2392030619597071,-0.1308359599369467,0.3274724899006229,-0.32290659375584335,0.12294446187168605,-0.275735433392606,0.19795908592131414,-0.07613237329368698,0.3730311965379518,0.2265038830617563,0.16432243620148,-0.29730461107074024,0.1227007464136114,0.17255468284255704,0.1805557283065748,0.2090636056138362,0.11824336391079264,0.21739711274525722,0.33124098363349624,0.23717165154967965,-0.24469063131993657,0.33774785193158025,0.29629502236408095
0.3314061481816918,0.1588174195945741,0.17810967357417412,-0.12738846121376898,0.10041851885795605,0.32646652570880297,0.1586331264195807,-0.0871973664539397,0.0007556579925728662,0.15410876383114622,-0.12203320580040472,-0.06233137906602845,0.1416335333385249,0.15105614798227912,0.15105614798227912,0.35675947248877843,-0.01149778500237535,0.23188469715737253,-0.15552500921399418,0.28698066195354077,-0.3414775996586203,0.20532533791068253,-0.3405961110359409,0.1794579180411704,-0.07800767142742773,0.3673011724860978,0.1686524894342989,0.1355792089785928,-0.28062721598452917,0.09235705088803972,0.12941462791448835,0.2338380912487886,0.16877659164358572,0.0891862730445142,0.21839751491647277,0.28827487228195064,0.1987384607602243,-0.30269912866235293,0.3303925675888039,0.2614428886740796
0.2908941786848684,0.13316230904738804,0.12444317439447246,-0.09438700741342868,0.06118483638909396,0.2884538207502362,0.17242004990122461,-0.0725100914485426,-0.022817351071729716,0.13695947119350285,-0.18655860422496084,-0.10911254573790026,0.11036410264720628,0.16055570671223102,0.16055570671223102,0.3265487043890123,-0.010248866029542912,0.22330563147798818,-0.17084338845095506,0.24740648552728142,-0.3500751011379918,0.2691466038118716,-0.4011491033430038,0.15620577855868326,-0.07936716881127302,0.3527880333014846,0.11173168374518384,0.10527220600366813,-0.2676253980505064,0.06340394254755992,0.07893201669857382,0.2733447416743221,0.1321030003344943,0.06394476444259929,0.22331472785069442,0.2457408147742018,0.1637493254570149,-0.3519288612480647,0.3186592511830895,0.22925331767743704
0.24813466180468252,0.10648505709977522,0.06773941411288104,-0.06120789292388745,0.0266109017621876,0.24801547030051768,0.18164907500886013,-0.049874095662495635,-0.04086652673925512,0.1160412646670463,-0.24678793239616706,-0.15083719685875938,0.08216829504962053,0.1428103672633544,0.1428103672633544,0.29843372045583927,-0.00021150128222796784,0.21166601286040512,-0.17867670287870424,0.2087655610281239,-0.3500673131437485,0.3046676508714388,-0.45639818671510285,0.128158987504468,-0.08426842852560026,0.32791948570745927,0.05685859387315936,0.07306887202939641,-0.26593763314486973,0.035209228248136853,0.021156635096035742,0.29181404402694594,0.09940635665042039,0.040672463832519185,0.22915535701938286,0.20502057207513358,0.1324683767238192,-0.3920317559690424,0.30039871931117546,0.19790177744176987
0.20248126238272254,0.07869323500770857,0.008329070241486424,-0.03288127307520982,-0.004179913582371989,0.2058699232205877,0.18714975406540776,-0.020935901709557277,-0.055017901008576245,0.09031647245170236,-0.30198488974931925,-0.18636940923154288,0.056648357586517074,0.10117872778231816,0.10117872778231816,0.27123388585742036,0.017468894224903248,0.19573110253187218,-0.18036334586632524,0.17115828401435398,-0.34267916694508216,0.30628831813590984,-0.5052199535113856,0.09748545276233529,-0.09475476300651438,0.2924403011499607,0.004876246846870637,0.039298546905027563,-0.2790452953710043,0.007030519649368853,-0.04269440302672593,0.2851152360316022,0.07095582924404971,0.018061623692674705,0.2327242900270096,0.1666016647055412,0.10405791809965764,-0.4239369031220866,0.274721790411241,0.16671887005464348
0.15367984610685942,0.04879339648893497,-0.052064731794313285,-0.011570971588579126,-0.03281203757120659,0.16273420222692472,0.18555777921423233,0.012064070014703063,-0.068156063194104,0.05973087271359186,-0.35148098064687316,-0.21479355100021474,0.032218514150725824,0.042807299306900706,0.042807299306900706,0.2432420995624192,0.04093807546462425,0.17609580424377524,-0.1788208507790751,0.13471337360819538,-0.329046782071548,0.27415962776998165,-0.5463709775328864,0.06800150313763534,-0.11005188646667984,0.24773576593005722,-0.04412411378480113,0.004926350731037621,-0.30585262110990746,-0.020305797217092802,-0.11007250724092862,0.2533568537453142,0.046799083289560804,-0.0052460558190628274,0.23059145755482566,0.1299175079675444,0.077499587177525,-0.44896085109830786,0.241890051225851,0.13539838436370855
0.10224672504131138,0.015488675137944115,-0.11103944808507098,-0.0008280446040778753,-0.06113809801474898,0.11917014427079527,0.1705361646408949,0.04663371380905083,-0.0839065659257019,0.025383753748401978,-0.3949167655408206,-0.23534931265274336,0.007684380735846172,-0.023471680288698598,-0.023471680288698598,0.21267043723226642,0.06797958076788398,0.15280974578759537,-0.17782663480254146,0.09944789826768473,-0.3101533420205619,0.21417786239157505,-0.5786680531372641,0.04333864002175813,-0.12728638234249498,0.19657071534253298,-0.09069890491204294,-0.028640225217656717,-0.34135197543987517,-0.04636460232196885,-0.17750118880041774,0.20083524241883802,0.026696947430305124,-0.03063108784138265,0.21958547644446808,0.09429018408802115,0.05234101121517797,-0.4673283463975009,0.20312579634001826,0.10331818936835273
0.04948707939688015,-0.022073405414091495,-0.16636628918956894,-0.0015062347089258108,-0.09052187407233594,0.07529088405507443,0.13746062209202836,0.07999184894856606,-0.10513745182916422,-0.011101350865422958,-0.43219935185205016,-0.2476318659780498,-0.017464162069250295,-0.08851489590364156,-0.08851489590364156,0.17820343698210236,0.09582648098552109,0.12647640683892228,-0.18078122433098484,0.06537639499797496,-0.2872516595126249,0.1360092247080243,-0.6009287753752545,0.02587257581519502,-0.14277597745630785,0.14236117105353446,-0.13548280864035553,-0.05978145901525446,-0.37861639048401424,-0.07073936288093441,-0.24095753969959488,0.1346640686818217,0.010134933467599803,-0.05926004246864684,0.19736802348744703,0.05917185973420288,0.02908589521004006,-0.47795018105873377,0.16030951199826018,0.0701384755267871
-0.0032168969725260513,-0.06352102519568724,-0.2164426284847218,-0.01184737070530588,-0.12080560324960864,0.030894011541173324,0.08764983484907495,0.10950045687647046,-0.1319456074076266,-0.04769402869950437,-0.46329140990719986,-0.2518614324672153,-0.04277192265118357,-0.1442596794962055,-0.1442596794962055,0.13970699134864095,0.12161541506164522,0.09744434801979673,-0.1875540786658684,0.03243419715588715,-0.2619383512239705,0.0491041554704055,-0.6125221381365495,0.016248742171195468,-0.15334456065691832,0.08869454110768733,-0.17838965998739414,-0.08734128343770084,-0.4120936127134771,-0.09297431710657576,-0.29724051413633434,0.062122254727402355,-0.0034474477820935923,-0.09149868635479406,0.16317662521151594,0.024964780446949875,0.008726726567636527,-0.4793837159966507,0.11562983255459114,0.03592061102399384
-0.05447301812540926,-0.10782113483725089,-0.26097306002530346,-0.029835692421839047,-0.1504097836132102,-0.014169072527513652,0.028712411696315707,0.1330329908300514,-0.16197604227055903,-0.08240948723745983,-0.4885303129288533,-0.2488507610580261,-0.06780186411563928,-0.18619311393901003,-0.18619311393901003,0.09820356043019322,0.14258916743380687,0.06586602626995658,-0.19499337519220228,0.0006653747116413148,-0.23549465978079198,-0.03823452365415171,-0.6120704990130476,0.012945760126738775,-0.15686082460478107,0.038323376665541184,-0.21827724303644216,-0.11081571723223824,-0.43782831062997174,-0.11213014273866043,-0.3434364329630382,-0.010263745168356181,-0.014162511780936188,-0.12700224537905655,0.11780904907972016,-0.00811969908237035,-0.00791797097530224,-0.47054010071976593,0.07123707189615935,0.0007941429769403378
-0.10310573928302041,-0.15296741004836342,-0.30068759594346184,-0.05019870149464739,-0.17638470371796716,-0.05959060695806651,-0.03457753664374345,0.1490361816042573,-0.19028959583963037,-0.11383730917510983,-0.5080200081235255,-0.2399353608304311,-0.0933911938284686,-0.21215600911311094,-0.21215600911311094,0.055801782149465434,0.15626874633588844,0.03211741668509367,-0.19722188827585585,-0.03003036022757788,-0.20891521958783543,-0.1191957393948106,-0.5981975241103069,0.013104301637287088,-0.1527189563444157,-0.006281473370652383,-0.25356139802796407,-0.13013945286619957,-0.4530035317059599,-0.12658593371819923,-0.3779636211828963,-0.077141667663453,-0.02193949871508014,-0.16378636541841352,0.06417044748387778,-0.0410675893911508,-0.021185093469415082,-0.4512139398727245,0.028933949750795798,-0.03515988784765059
-0.1482692016062578,-0.1962034449863247,-0.3365970469294977,-0.06775174274518905,-0.19529049660718692,-0.10446986875382971,-0.09547652300035966,0.1563777255451981,-0.21067946171816448,-0.1413612421804968,-0.5219734556969826,-0.22682392023970718,-0.1210172723020568,-0.22129719299805944,-0.22129719299805944,0.015085405924406966,0.1606219478183118,-0.0032053754152246497,-0.1875533202981015,-0.05948130974173307,-0.18308863397587347,-0.18870596686271582,-0.5703865159704472,0.013028609058321788,-0.14186887063010503,-0.0436200875072447,-0.2835535823499971,-0.145971972352887,-0.45587852296429876,-0.13512956428892936,-0.4006053402840978,-0.13449666112745776,-0.026542275924958943,-0.20107292718065453,0.004007400041013978,-0.07549767910040633,-0.03299486999879086,-0.4224075578977318,-0.009880458827153061,-0.07183034613725423
-0.18947622055065233,-0.2359048351130914,-0.3689553429188437,-0.0793611145982308,-0.20523215226918118,-0.1474481111578583,-0.14908879342584477,0.1544149461565846,-0.2194320380732232,-0.16502953086987823,-0.5303789264870029,-0.21136961974726565,-0.15167478966642198,-0.21370352819961255,-0.21370352819961255,-0.022197518153974773,0.15416973291243913,-0.03932005787078886,-0.1610269988512061,-0.08754465459236588,-0.1590147933845596,-0.24322361682640062,-0.5297880543107432,0.009173084929931987,-0.1259915842452421,-0.0729069322473859,-0.30882588959213425,-0.15963770689002868,-0.44553796592594624,-0.13884982830735756,-0.41231355848953977,-0.1795065082155901,-0.028067609478150214,-0.23725190551770955,-0.060222792301820184,-0.1124413422614022,-0.04469301201953701,-0.38645264591392464,-0.04414186571143947,-0.10854503253180689
-0.22670813009336438,-0.27220388712021515,-0.39724678353357834,-0.08501876653824142,-0.20662808244386327,-0.18694770297929322,-0.18862809462287863,0.14167488324593652,-0.21675754440750356,-0.1851547173179,-0.5334321007099763,-0.19540722354098786,-0.18524537596168025,-0.19033152884453272,-0.19033152884453272,-0.05568086153640175,0.13589226891947742,-0.07508071399575837,-0.11821562175945237,-0.11365703218884879,-0.13595038962042183,-0.28039387021698486,-0.47911583501139376,-0.0003369150319193875,-0.10641068499905937,-0.09389821785405637,-0.3305029914680189,-0.17262714369663393,-0.4216612686885502,-0.1399108884168795,-0.41484981379387376,-0.21031614133989757,-0.027185237777296103,-0.2722655773472544,-0.12654481023278652,-0.1513745308563916,-0.05634265148252088,-0.34683556860994075,-0.07321749504337546,-0.143926963190813
-0.260358594803198,-0.3059945404478414,-0.42081956329997405,-0.08759844165962423,-0.20151850556619635,-0.2213950150587345,-0.21239471131406468,0.11574112324566355,-0.2053908072534689,-0.20122104788275064,-0.531495148977833,-0.18050223527614356,-0.2206458302740271,-0.15304964218239425,-0.15304964218239425,-0.08604031090985415,0.1045313631122983,-0.10884176305255147,-0.0656077542593467,-0.1376143572894324,-0.11490793805145166,-0.2987967673462039,-0.4215694648735926,-0.014896821478087487,-0.08347300117792572,-0.10654671734286619,-0.3494672138257444,-0.1861445370636418,-0.38441036379845267,-0.14011759324019205,-0.4102033502839622,-0.22587034359635702,-0.0251640699283735,-0.3068566894536093,-0.19333430056978343,-0.19035192494192293,-0.06643972915226981,-0.3072425381896601,-0.09696098738813864,-0.17637431765417486
-0.2905300780318792,-0.33799767942770653,-0.43931591628359934,-0.08305952221350098,-0.1930005287321684,-0.24954277169178646,-0.2234712787494719,0.07704739562276122,-0.18903119782685213,-0.2118747861047051,-0.5249233918570354,-0.16788294582083207,-0.2561777784286726,-0.10478478097690097,-0.10478478097690097,-0.11471878896178883,0.06057803203116177,-0.13883991015969033,-0.012287743460591668,-0.1586614992394827,-0.09616564215076849,-0.29779653083361884,-0.3597701022383946,-0.0320356058584925,-0.056979230477604136,-0.11154348624075656,-0.3658859709357176,-0.20098139505212145,-0.3342566788608137,-0.14016716460065382,-0.4004912800871675,-0.2258111496760815,-0.023404686774643146,-0.341863262739476,-0.2580315988878923,-0.22671581285826223,-0.07291836747854026,-0.2701926510619034,-0.11566905558621321,-0.20580135807253333
-0.31687762351983306,-0.36663410420546405,-0.4524166287313682,-0.08263153298346229,-0.1840229899803138,-0.27099604143966255,-0.22715750501885082,0.027276914384159013,-0.17038964066502246,-0.2185027665771344,-0.5141911672346936,-0.15844502444342312,-0.2895365385615702,-0.04972426056514747,-0.04972426056514747,-0.14323180889234982,0.0059680076016460195,-0.16456721277051126,0.03353172505389676,-0.17667226467151279,-0.08013789908287874,-0.27751066082105674,-0.29588957044683334,-0.04909160166582569,-0.027040985371042645,-0.11124438667381475,-0.3790918326702481,-0.21744981139226585,-0.2720228451040855,-0.13996926197066717,-0.3877940252160043,-0.21043717430157138,-0.022863044648363338,-0.37649768290355423,-0.31722539193824106,-0.2577729644300332,-0.07475835301096605,-0.2360763605730494,-0.1299593334744558,-0.2330774713999937
-0.33920066770204993,-0.3909122597615617,-0.45980175872042156,-0.08514932719417215,-0.17767567679220173,-0.28647445876853395,-0.2205129899237118,-0.030355414835242654,-0.1529509684134258,-0.22575904615629558,-0.499699101878074,-0.1528250435333687,-0.3188883973744322,0.006623745633549419,0.006623745633549419,-0.17324549186626517,-0.05633217960535597,-0.18645630165014873,0.06445741267433769,-0.1922921644874173,-0.06663060866915343,-0.2390069338751204,-0.23242176050811883,-0.06455937081149701,0.005808010376070558,-0.10906051762972536,-0.38785534794128224,-0.23570075946863317,-0.19920515851244916,-0.13880586463583647,-0.3735713416041687,-0.18080158816403427,-0.02402360910963451,-0.4090386693930758,-0.3677614789167776,-0.28237118483927576,-0.07215750221660176,-0.20321921002249344,-0.14062108708246687,-0.2580659695382899
-0.35741370034787845,-0.4102537623806506,-0.46131214894004147,-0.10055346742129093,-0.17609799898963613,-0.2972703651000229,-0.20747676367696244,-0.09246352623834879,-0.1389213054881451,-0.23595211234463812,-0.4816371193167965,-0.15118465324728472,-0.3460000734605033,0.05782073218146786,0.05782073218146786,-0.2058585175160517,-0.12247941791459094,-0.2037598130879131,0.07688306897445556,-0.205176151445976,-0.05585122627496879,-0.18367905254087394,-0.17230356239706449,-0.07785671530744777,0.04035253031918214,-0.10824550070163858,-0.39106632516022705,-0.2554920484955862,-0.11719803491680034,-0.1360582376754409,-0.3588787066275052,-0.13844490598382375,-0.02722479373892154,-0.4382739811037344,-0.4067271223554754,-0.3027515997928004,-0.06643149588154172,-0.16917373805793573,-0.14861187387941796,-0.28091168115719417
-0.3712192229099784,-0.4242620821183202,-0.45746298216125614,-0.1255413173958789,-0.180070505542236,-0.3049233077983588,-0.1966528004639406,-0.15474515453410226,-0.1294136361247787,-0.2497163334319078,-0.460009613665192,-0.15320427557361202,-0.3741317268605849,0.09724935048497425,0.09724935048497425,-0.24123654699992075,-0.18895335119647286,-0.21509061418446732,0.07280549230387318,-0.21614433682533934,-0.047809550662414706,-0.11281285931321894,-0.11752957035685126,-0.08951781921780766,0.0743596379512331,-0.11128459709248635,-0.38843393560391365,-0.27623097898060156,-0.02665240430886379,-0.13175775946182103,-0.3438990512883952,-0.08516010398669775,-0.03282472630157015,-0.4635113286108512,-0.43332040061512334,-0.3227864403040635,-0.059797659601830394,-0.13220543731483608,-0.1550622064373973,-0.30330320586648907
-0.38069537806137965,-0.43280033455257944,-0.4496692366856137,-0.15440154533689787,-0.18904675763673365,-0.3112857136193684,-0.18646446579317516,-0.21687276029529884,-0.12442251653982507,-0.2659491735723725,-0.4348191886730172,-0.15835835639024107,-0.40433211246151507,0.11891549076716176,0.11891549076716176,-0.27865392100037306,-0.25291225142063484,-0.22064639493892294,0.05866111872941405,-0.22563938656985802,-0.041548222213426106,-0.02974590787016163,-0.06888853558406872,-0.10181660502056894,0.10456546569371328,-0.11994470803643813,-0.3809200896870125,-0.29694838530958856,0.07047646739517316,-0.12654564066284382,-0.3292597452284458,-0.024229274197196872,-0.040881156473265984,-0.48438890776535426,-0.44833024573535774,-0.3448561737987978,-0.05481635952250581,-0.0918494434265654,-0.16135775014135523,-0.32665729365021723
-0.38648243995622045,-0.4354941190886909,-0.4398276658471475,-0.1795123680505268,-0.20098387415430025,-0.31796462948302084,-0.1816715826937415,-0.2752835655800598,-0.12226112995893355,-0.2824310170285344,-0.4060918901364301,-0.16573422290140435,-0.4346343553829518,0.11922061467380725,0.11922061467380725,-0.3164493774161972,-0.3108071648695215,-0.22175897361283686,0.04081446393097964,-0.23409559448275466,-0.03486519060849534,0.05945292540074261,-0.027081317478497652,-0.11819448023921889,0.12741867132619022,-0.13509453144571573,-0.37053713403730315,-0.31709708378374907,0.17014670847148178,-0.12207346122799674,-0.31585235448793797,0.039321006426793696,-0.050981912156803075,-0.5012027497003807,-0.455287293399993,-0.3689469345142219,-0.0537517293213679,-0.048623958397289405,-0.1691051166703175,-0.3513903127418185
-0.38973851556675804,-0.4314272841579502,-0.43002418736469006,-0.19251451516738255,-0.21268983178871576,-0.32533316667815754,-0.1770415131914646,-0.3262640357780216,-0.11950369900286419,-0.29754427622587537,-0.3740681437647241,-0.17424492141756798,-0.4617002798278445,0.10058228888128946,0.10058228888128946,-0.3521404267678323,-0.3614793087369719,-0.2199337433850504,0.022661642765836782,-0.24202596581637126,-0.02520497121757021,0.14531147517307813,0.00762765814403104,-0.1413317389209926,0.13996761238115188,-0.1561234443866952,-0.3596608774865968,-0.3364501501316438,0.26539415853462806,-0.12111045826511106,-0.3035284793850272,0.09851980422118113,-0.06255341027853527,-0.5140591701935687,-0.4552050586236283,-0.39355825978185727,-0.05816953125482399,-0.003920750602387172,-0.1798555921011423,-0.37614020122042674
-0.39200427343095723,-0.4205768853982831,-0.4217523449810889,-0.18865035944734193,-0.2214931293917665,-0.33290931134431856,-0.1782806043300722,-0.36734931631915396,-0.11366012265919842,-0.3092935975476963,-0.33929931990934037,-0.18282829733931158,-0.4827085712196125,0.06947753484102356,0.06947753484102356,-0.3834717589261843,-0.4038060251407971,-0.2166003879409206,0.007621821892723702,-0.24998190889457306,-0.010894742045832424,0.2166049488698264,0.035511640251390496,-0.1722918777171334,0.1405045672985102,-0.18184615802912332,-0.3500151527718271,-0.3551141016847695,0.3475885449047181,-0.12572822857327343,-0.29187205934307253,0.1455714219795911,-0.07518665190135902,-0.5216438004194172,-0.4496135305891544,-0.41697053361441017,-0.06876623308777192,0.04040733834747136,-0.194824999178207,-0.39849261516928725
-0.39486525232543,-0.4042004581886215,-0.4149023715834679,-0.16888160925334447,-0.22562918970332432,-0.34011273074106196,-0.18333933319416737,-0.3983973331733995,-0.10372927182987912,-0.31683292877929603,-0.3024164788205247,-0.19065471025970532,-0.4953741359730457,0.033626216969790124,0.033626216969790124,-0.4088089833434979,-0.4371062689341058,-0.21305160133344836,-0.000685203764234117,-0.25817716951771263,0.007976912266361698,0.26530502606089507,0.057350319303912684,-0.2100572646735712,0.12833578303748167,-0.21071576089862237,-0.3418730330281247,-0.37323282395639035,0.4095973616593696,-0.1357241764574362,-0.281255803542995,0.1749042248507847,-0.08882025811443359,-0.5244018535709671,-0.43979734552898825,-0.4373850434864135,-0.08544344225028522,0.08212711159794851,-0.21456159088571417,-0.4165673093291281
-0.3991999373554127,-0.3875586571603409,-0.40804754668360627,-0.1434031550836024,-0.22388730484899755,-0.34641991130795236,-0.1965411748127466,-0.42021881643081205,-0.08945263925546214,-0.3212179994592508,-0.2643725540451704,-0.19710960946471862,-0.4990696344196526,-0.00109074773930606,-0.00109074773930606,-0.4269804716859914,-0.4610412680193874,-0.20970998823589385,-6.716320532923873e-05,-0.26657552279189867,0.031505083961716494,0.2884232186646822,0.07407130697119964,-0.2515092767612239,0.10423041131195,-0.24092922615695422,-0.33422799140454773,-0.39028071540822,0.4487860716393724,-0.14887552339830012,-0.27089642511432904,0.1844146502025795,-0.10378262804955181,-0.5215376267044286,-0.42636234694484687,-0.4528644901299096,-0.10741165131285876,0.11886186211824269,-0.2387295703254794,-0.42912135092921166
-0.40490257378936056,-0.3713182852855196,-0.39973701537120493,-0.11143553530203561,-0.21606880236075784,-0.3519168689812731,-0.2103865593473586,-0.43423791697357145,-0.07234468028346178,-0.32338094029369585,-0.22588534186105585,-0.20159230419838153,-0.4970468372943169,-0.03319503229677776,-0.03319503229677776,-0.4376730823215844,-0.47612728955126454,-0.20709258773518177,0.00974129502205922,-0.2748721836593666,0.058022000804460246,0.2872036500185218,0.08641465149310014,-0.2927521083094038,0.07032411095028916,-0.2710971777590567,-0.32565735930934264,-0.40490753594886203,0.4672948515332374,-0.16283554711648726,-0.2598701696453602,0.17508105847328223,-0.12057888660883602,-0.5128658044650081,-0.41024100829813176,-0.46242739996158416,-0.13359063474099236,0.1487818055551263,-0.2662619880979089,-0.4357394239817723
-0.41100091160177527,-0.35842271224902034,-0.38924517139090925,-0.07425203330946105,-0.2039331673906979,-0.35733372922092443,-0.22574491447635522,-0.44227594789380814,-0.05690284364450666,-0.32388211636927505,-0.1878224265810758,-0.2042389761651048,-0.4888397716633966,-0.062577293827662,-0.062577293827662,-0.4419543494008915,-0.4829762637061932,-0.20683469455181477,0.025988217101564466,-0.28303017355028737,0.0856357508263865,0.2661557262387148,0.09525873528898736,-0.33074146392145065,0.029343373469456743,-0.29982003304064986,-0.3150850573632766,-0.4154292667607959,0.4694528808793986,-0.17703915393567046,-0.24763027365870735,0.15032682505129105,-0.14002920147740483,-0.5010602192530468,-0.39210242078522706,-0.4662507236692571,-0.1631971495809405,0.17113786166533196,-0.2957510842777835,-0.43707138092922543
-0.4163015093281699,-0.3508020819823803,-0.37636794809052315,-0.04129138840835835,-0.19011102505866553,-0.36292098231772324,-0.22940786145808778,-0.44645976679594357,-0.04818523927847465,-0.3243580619529134,-0.15083219789625935,-0.20513228785082618,-0.47712330637119993,-0.08914030641656291,-0.08914030641656291,-0.4416733166060574,-0.48313374040543416,-0.2106650630417778,0.045459826007598944,-0.2909830464703915,0.11262529643242176,0.23018132489634385,0.1017168081876596,-0.3641393417993343,-0.016237439550400745,-0.32581010897446844,-0.30210601401636633,-0.4210125767897697,0.45869471989517324,-0.19229216383346626,-0.2346471927901421,0.11417111568901227,-0.16286915743311262,-0.4849412465685977,-0.37212810000003516,-0.46488203294570035,-0.1943881917087149,0.18571006401982829,-0.32575767339554224,-0.43463104310814316
-0.4196453941376448,-0.35090174436739197,-0.3614622409123523,-0.008761036329123166,-0.17752412155419153,-0.3682489532553955,-0.23118105323824104,-0.4469481811691221,-0.05051433464028544,-0.32794290827706607,-0.1153388991906601,-0.20449041627489722,-0.4643339798278279,-0.11272208972654649,-0.11272208972654649,-0.43904288759736426,-0.4788713403376889,-0.21925309296684856,0.06626980388775049,-0.2987020909517187,0.13740408990987227,0.18390927776597474,0.10708793087172538,-0.3931761918263885,-0.0642687740008784,-0.34843454742073054,-0.28721776332711924,-0.42167165119163363,0.4372511900706882,-0.20848847942427273,-0.22125894993363504,0.07057644181116358,-0.1894049671090331,-0.46459432820485336,-0.35251476463908704,-0.459364444090036,-0.22439158600186518,0.19252663267535927,-0.3546980458956594,-0.43065828368824416
-0.42024009793204825,-0.3591072668708447,-0.3449839098517956,0.019985539728118343,-0.16839953827453005,-0.3727537297446548,-0.22500755703107325,-0.44254290954879627,-0.06534147855892,-0.3344714776381949,-0.08181190973408133,-0.20271487965927507,-0.4516693203371888,-0.13311014232035442,-0.13311014232035442,-0.43590778645961537,-0.47043755407704757,-0.2317584966220099,0.08540680058531887,-0.3061848515988218,0.15884572716192816,0.13151668124471513,0.11247155643685007,-0.4177253230475111,-0.11275080477807918,-0.367192122191337,-0.2716836196434125,-0.4180496514719249,0.40690363002358065,-0.22502992943221567,-0.20731642380830628,0.023136439750655814,-0.21931259523368293,-0.4400266194874927,-0.3338229738101779,-0.4503990451173016,-0.2511366400677892,0.19180609464457032,-0.3808002163738887,-0.4264955109190262
-0.41772076279285636,-0.3738374101032583,-0.32713977703803654,0.041751075481592695,-0.16378087664403787,-0.3758303331567149,-0.20772750933586698,-0.4324045327590483,-0.09167869778042148,-0.3412176480584378,-0.05075658810815954,-0.20024864176120458,-0.43707862343982695,-0.15006891738122302,-0.15006891738122302,-0.4331662988064038,-0.45677654664408934,-0.24697656414336364,0.09897071956402839,-0.3133615850873955,0.1765817315073797,0.07636410439399416,0.11833477314211673,-0.43683732956620525,-0.15975205339715615,-0.38110165452380135,-0.2569180674262843,-0.4110839709265341,0.3692098616305301,-0.2415616538467475,-0.19283965294391062,-0.025240958860233514,-0.25169568133259723,-0.41250979321266773,-0.3179089718263667,-0.4378133276132944,-0.2735030439370407,0.1841781764820921,-0.40252812401843036,-0.4226352412893604
-0.41219836324622217,-0.39136000386817554,-0.3075748447666943,0.054914803732636394,-0.16288362517229488,-0.3764771414935352,-0.19490992299145019,-0.41599024979612553,-0.12544599677267917,-0.34655358148105936,-0.022456029545981443,-0.1975691364659921,-0.41997198374885447,-0.1633786587980532,-0.1633786587980532,-0.43031123795604637,-0.4366309194640813,-0.26370953931167884,0.10697035469217646,-0.32026284764665136,0.18996133455400932,0.021085656217234055,0.12403369413531697,-0.4486121920923139,-0.20380917092660508,-0.3899559349022591,-0.24372785497600388,-0.40167139460215245,0.3256904581257057,-0.25792011597237896,-0.17879535577769903,-0.07230490055986107,-0.2854521390730398,-0.38319009924934894,-0.3047547050620748,-0.42094919914810447,-0.2911808759209435,0.17133436892576095,-0.41887100717291675,-0.41855650677185724
-0.4039522565926162,-0.40755133886091305,-0.28560304590913665,0.05805533123186312,-0.16419727322979544,-0.3736039357815258,-0.17982482429218752,-0.3929106160415444,-0.1614125795601261,-0.34958711569465906,0.0028024115116439437,-0.19482019979536083,-0.3995140549754267,-0.17288682280358839,-0.17288682280358839,-0.4262866940594543,-0.4090324784081322,-0.2808418879068848,0.11016959727248068,-0.3268393179545315,0.19854040984854968,-0.032217476015621076,0.12929964421750312,-0.4510570120644463,-0.24368745132195016,-0.39444453578158784,-0.2320647081222536,-0.39058342289106596,0.2778780582188405,-0.2740222801383853,-0.16583609821946738,-0.11632545651488986,-0.3193645619610156,-0.3531272880621054,-0.29471193497614856,-0.39922430709121276,-0.3047332387864623,0.15567007650419445,-0.4294122528321367,-0.41309465621474706
-0.3934343969146043,-0.41812505315879955,-0.2607161882780542,0.05277186167806392,-0.16536994372198577,-0.36665671998020194,-0.17759780933152317,-0.3628237444594515,-0.19328022367672917,-0.3489550199233902,0.02502352864011089,-0.1919329675064412,-0.37497384574874093,-0.17857580355380934,-0.17857580355380934,-0.4195764101964805,-0.37337514953138473,-0.297174008194547,0.11142478003115014,-0.33319252497056906,0.2018872877682747,-0.08185328705995291,0.13316029599182846,-0.44334638228220075,-0.27772799339948584,-0.3949840060768714,-0.2213108914761986,-0.37832327136367866,0.227332572239711,-0.28985635275230953,-0.1540558568833043,-0.15598377394108118,-0.35209047370295216,-0.3231399242222994,-0.28699086611490693,-0.3727472935590302,-0.3153416440716032,0.13928911684989337,-0.4343555447146363,-0.40540023289391997
-0.38091834041816636,-0.42043877924902,-0.23294676188473948,0.04179375366525131,-0.16488708437174845,-0.3560150884613771,-0.18394871440563731,-0.32552066349610664,-0.2164977747747127,-0.34243467256172955,0.04431112422600515,-0.18877661006394786,-0.3439500353161614,-0.18065239726379842,-0.18065239726379842,-0.40943875629062415,-0.32983915124628077,-0.3113093539810711,0.11110752511400211,-0.33920665054877863,0.20003976144224733,-0.1264605961547566,0.13503905826416085,-0.4262660336728734,-0.30433438269073676,-0.391957339638996,-0.21081497222658988,-0.36502557690591164,0.1756499747702565,-0.3053127924708683,-0.1425498813440577,-0.19029249879648683,-0.3821801965290418,-0.29406233180167235,-0.2822437508249839,-0.3428258401757752,-0.32441763680569824,0.12347804560589515,-0.43441086719684585,-0.3954203019347699
-0.36654253355772776,-0.41366339752744696,-0.20293750741766547,0.028049105398556366,-0.1624352776781572,-0.34264905970527315,-0.19172665826391594,-0.2808478524247515,-0.2290811395891799,-0.3306858360471757,0.060790520791482776,-0.18518342665453913,-0.30754262962236006,-0.17966556336153297,-0.17966556336153297,-0.39610782341038653,-0.2805895295230385,-0.32190471679235705,0.110013579159718,-0.34492272564341836,0.19241088699782055,-0.1649697487267614,0.13384803325626402,-0.40216527387754897,-0.322871605451174,-0.38671703257397144,-0.20030771071270329,-0.3507565819561689,0.12441948238781796,-0.3200854837047831,-0.13034085105508522,-0.21854885391563914,-0.40842945233769606,-0.26562949041760725,-0.2793901729837544,-0.3122419276544997,-0.33294911378748304,0.10912867025059234,-0.4305714078157842,-0.3840697315636014
-0.35024583269709963,-0.39913015018897896,-0.17185397911564484,0.021063516479008917,-0.1592569853591308,-0.327928460873831,-0.21078366286046132,-0.23035120356894212,-0.23318379944653725,-0.3178027187292664,0.07480504284572062,-0.180886038234703,-0.26860763715907254,-0.17665944917268328,-0.17665944917268328,-0.3808340230620429,-0.22996582703788684,-0.32880929112304563,0.10766532022131561,-0.35015460045722513,0.17814607904750396,-0.19660722134941064,0.12812889171022868,-0.3746831296961912,-0.33351738092110245,-0.38068507964626735,-0.18992508111621637,-0.3355859176538742,0.07510072954767463,-0.33436260556843656,-0.11708556415081726,-0.2403619519853676,-0.4300351301388795,-0.2380246872221064,-0.27916295276254977,-0.2843266242457186,-0.3413502763985534,0.09684470864233241,-0.4237787935367619,-0.37334851757817544
-0.3319236171392842,-0.3778895672513303,-0.14106246795350816,0.014771399115902363,-0.15756965379115798,-0.31366775118879736,-0.23133789753425169,-0.1779219752972778,-0.23333148514655883,-0.30608875546917413,0.08673125702406617,-0.17569736757476448,-0.23074947716610297,-0.17336989506141118,-0.17336989506141118,-0.36547474793611767,-0.18137847654392647,-0.3326821887802675,0.1002842487578417,-0.3546125443133695,0.15637054483110213,-0.2202258035477789,0.11666863310754731,-0.34723606366467574,-0.3368841840023688,-0.37467878376177066,-0.17998315667712111,-0.31939424291030477,0.029843348600837767,-0.34910689587024696,-0.10298547761583318,-0.25531753763555853,-0.44659600825219414,-0.2104103656129769,-0.2801052149464083,-0.2618420586841265,-0.3508088148197937,0.08702710546635513,-0.4147326029418408,-0.3646463329571363
-0.31154255266820163,-0.3523850653515643,-0.11196671338106087,0.009857890068883254,-0.1598299981568416,-0.30146440485278425,-0.2559295351713545,-0.12722097230532178,-0.2347589410592658,-0.29624810164337867,0.0968435167708102,-0.16980403125424762,-0.19449958972371495,-0.17239756088770414,-0.17239756088770414,-0.3520253944102766,-0.13726809610149482,-0.3338729381958046,0.0835994316270404,-0.3579649491569864,0.12615638604147758,-0.23378586754035607,0.09906458159359081,-0.3224941690570091,-0.33387539148836076,-0.3692886662989343,-0.17076450818917838,-0.30149151337186314,-0.00808511103423092,-0.3637728124054603,-0.08792106703408867,-0.2626334660451539,-0.4580397341430843,-0.18597862347961147,-0.28117872691303175,-0.24655410755698698,-0.36312829404911506,0.07946934378257796,-0.40387266299998786,-0.3585684858980697
-0.2896106258327136,-0.322972639205389,-0.08542400637643818,0.006491287803908963,-0.16709397980145263,-0.291654595475073,-0.2762139798366372,-0.08160414447190074,-0.2401674594210157,-0.2889249641421177,0.10521575393907605,-0.16308223101741998,-0.1640269916159241,-0.17597492974437146,-0.17597492974437146,-0.341627944347128,-0.09981099157667551,-0.3317967498953776,0.0560223290858269,-0.3596922745356864,0.08697196677114037,-0.23635009456418035,0.07611156727009023,-0.30166948432291113,-0.3259012829885805,-0.36482248832672864,-0.16228390783944802,-0.28159155199072494,-0.036342636666705556,-0.3758944087132205,-0.07217104502487329,-0.26226948168138586,-0.4644157887281506,-0.16467282459219923,-0.2810477413384843,-0.23806309788531643,-0.37840003563151775,0.07289613997921832,-0.3914040539186444,-0.35457680919641626
-0.2671412428391409,-0.29475201944119356,-0.06210460769652303,-0.007341915307823753,-0.17948650338327113,-0.28363290878741715,-0.2918889341022629,-0.0435617698774899,-0.2503534020084026,-0.28469129381952163,0.11170318735026466,-0.15552936958507657,-0.13936849603667353,-0.1825426944000299,-0.1825426944000299,-0.33474930703443545,-0.07019228186342316,-0.3261581418934581,0.01782174490468203,-0.3592877427091184,0.04019076122310321,-0.22867066497873711,0.05000665618250228,-0.2846587721544341,-0.31468651374818024,-0.36066927674300253,-0.15442982308408773,-0.2602146897721526,-0.05537001405951585,-0.3828417524907988,-0.05648524525489868,-0.2551676615547298,-0.4661362963071272,-0.14582821257329853,-0.2777050791172877,-0.23414169451236885,-0.39489677047601657,0.06561282081261413,-0.37746817437700964,-0.35120775038704566
-0.24536637092754746,-0.2685618876913134,-0.042918968516341326,-0.034115543825548,-0.1961333821570622,-0.2763779714524852,-0.2955270872759772,-0.014554739704480237,-0.26470529634623474,-0.2822350493775876,0.11603431941823873,-0.14728303342762664,-0.11888498634267164,-0.18846027969405235,-0.18846027969405235,-0.3311258740865194,-0.04908842230939566,-0.31772469394259156,-0.029042351023344747,-0.35643556429108436,-0.012958339360186127,-0.21435212155918396,0.023527476442271524,-0.27036418043150057,-0.3016345857894681,-0.3559436130026788,-0.14719719596031688,-0.23846831621419656,-0.0683239276201182,-0.3837013719364747,-0.042529612198463206,-0.24386801740898953,-0.46373871654916476,-0.1299290101098774,-0.26993953890049166,-0.23215428257936427,-0.4101006060112902,0.05629336565554063,-0.3622676943619219,-0.3463751406055858
-0.22517671245463988,-0.24392289687362453,-0.028556560080420516,-0.07111942995747161,-0.2146362677319703,-0.2686594839298941,-0.28863208161201487,0.005897871454516174,-0.28034065616328085,-0.2791109023635961,0.11792280249184972,-0.1384438529817975,-0.10054850010929445,-0.19007038604537901,-0.19007038604537901,-0.32938394759581724,-0.03660132460022465,-0.3075344777680511,-0.08241159212033806,-0.3507855051730505,-0.06933840986394456,-0.19901229471593507,-0.0008479238729327059,-0.2570571440273681,-0.2874657191601484,-0.3496878261365811,-0.14063796289017755,-0.21722478903333634,-0.0790195092079758,-0.37958279169901493,-0.030404163292349934,-0.23204217557517978,-0.4576995724700332,-0.1155628601004878,-0.2573182674464294,-0.22937972647370006,-0.42146464512366044,0.04437135349535244,-0.3460345843866939,-0.33763185150919034
-0.20705803600784325,-0.21957729761646053,-0.018629414923115817,-0.1118605373329245,-0.23177746387532475,-0.25991484193812675,-0.2644083700027035,0.019199878129823347,-0.2931184407784386,-0.2732221709350299,0.1172460921039929,-0.12907638073534336,-0.08192902512126936,-0.18572832837392017,-0.18572832837392017,-0.3276039535927068,-0.032514475525254966,-0.2969111763120943,-0.139551554440137,-0.34238935069385734,-0.12501907786213748,-0.18641866991727615,-0.0214037615142625,-0.24330929705616683,-0.27275879093085376,-0.34102640529252104,-0.13465606805314406,-0.19695976905966642,-0.08984050988293316,-0.3721591303840238,-0.020439767111172784,-0.22224804255315334,-0.4483145246803725,-0.10278744441445838,-0.2396757956215207,-0.22332377032632916,-0.42702090753733035,0.029988393990997453,-0.3289931278546649,-0.3238286278149896
-0.19115255425193445,-0.19509258475842958,-0.011737353459609514,-0.14985005003597443,-0.24521038264894324,-0.25042562209509384,-0.22519990630099895,0.02639195692133531,-0.30041739431552617,-0.26205564612605353,0.11397479501622554,-0.11921744614147475,-0.06189996314171775,-0.17747895344934123,-0.17747895344934123,-0.3243171869158824,-0.03465985042255316,-0.28717544085414726,-0.19446062936804565,-0.3310230117873668,-0.176564055738601,-0.17765403870476124,-0.0370004386029028,-0.22839851023081414,-0.2577220801024252,-0.32984592500661597,-0.12910800177854756,-0.17767858689673913,-0.10114669851821523,-0.36203823439348276,-0.01338113823134217,-0.2153814518778124,-0.4358478724266654,-0.09156321260558818,-0.22054322483790137,-0.21301891355705793,-0.4257443691429826,0.01373049843414506,-0.3114241732519195,-0.30561977077342484
-0.17722496993448386,-0.17044383991007125,-0.006222146061988348,-0.17879373430640172,-0.2536106957961897,-0.2404160305866179,-0.1697865339780671,0.02602561512475914,-0.30095180822612405,-0.24461355382205136,0.10830578110620465,-0.10913028749764664,-0.04195390988343495,-0.1676998219477722,-0.1676998219477722,-0.31849910881313825,-0.04174364545965434,-0.27868649742538154,-0.24072068556006096,-0.3170601576691186,-0.2219849914818388,-0.17221727154310115,-0.04695172847588456,-0.21168900827293996,-0.24222537749221443,-0.3161758539320339,-0.1239400322439947,-0.158800049229038,-0.11227248940234705,-0.34906448962486003,-0.009002925517735752,-0.211253253573657,-0.42074496666890154,-0.08097046933493145,-0.20119058362229644,-0.1998790803007594,-0.4175915559396926,-0.0038837474518567715,-0.29373650428959014,-0.2844334662998913
-0.16478176050594498,-0.1454942817431363,-0.0006758005033812258,-0.19412523464562953,-0.2564686244301704,-0.22990995496919275,-0.10857923110965842,0.020820224637243017,-0.29425341162643354,-0.22199843961104082,0.10055562939198388,-0.09900147652982486,-0.025494992825736945,-0.15803195879969276,-0.15803195879969276,-0.30961863928822214,-0.0517832768267553,-0.27045137871403,-0.2748930749348069,-0.3017358778332204,-0.26038447685825683,-0.16869968779509834,-0.051748623387014296,-0.19282137048268774,-0.22605198558023967,-0.30029304959395353,-0.11912442105374778,-0.13999904108539082,-0.12206520434187192,-0.33288003879053757,-0.00661121025463301,-0.20898028683584732,-0.40341767754455565,-0.06985659768613202,-0.1822284262494872,-0.1868824484650287,-0.4035048437668044,-0.022393155024922857,-0.2762885528854844,-0.26177049205083536
-0.15359863531996615,-0.11996780288328933,0.005495999788457383,-0.20266382918467268,-0.25412891092208184,-0.21907999083692012,-0.04764562588271081,0.012882267261848516,-0.28069488800975273,-0.19721678450983815,0.0911036476642351,-0.08912039480700162,-0.014481826198778042,-0.14951219451943284,-0.14951219451943284,-0.2977484982532312,-0.06249134243061261,-0.262470312487953,-0.29690945810531355,-0.28509245372900477,-0.2911482659067654,-0.16674558403343473,-0.052591566236479946,-0.17232937007316756,-0.20934507929235607,-0.2830690268986807,-0.11461583265828731,-0.12118175133435498,-0.1306181792082064,-0.3129768374130464,-0.005749910909990561,-0.2081680397666906,-0.38395180959717695,-0.05686366576958017,-0.16255294707456794,-0.1759271615948969,-0.38534777891905464,-0.041304924376679236,-0.2592286567296758,-0.23774032433582862
-0.14336136046500994,-0.09334469007089165,0.012133974221961588,-0.2009116345061157,-0.24764141833293912,-0.2081806948377818,0.011104836157503423,0.004259639102367443,-0.26204514160179465,-0.17556585172781974,0.08054363416206442,-0.07975372120691003,-0.0074450597921971035,-0.14273712974908193,-0.14273712974908193,-0.28344092220518347,-0.07224986693816185,-0.2559625355359414,-0.30899020965621243,-0.2681222637188978,-0.31343714343083523,-0.16655423931123087,-0.050158478562073956,-0.1513199373470036,-0.19241487371730662,-0.2655895300383753,-0.11025436369690574,-0.10249673785189727,-0.138516507841285,-0.2891686418598152,-0.005932639002202274,-0.20873613237045166,-0.362311951209364,-0.04063524841645773,-0.14168555375367065,-0.16645533547062885,-0.3654787074831053,-0.060108853717775586,-0.24257372494760537,-0.21272086519059938
-0.1334535377629824,-0.06477409478876336,0.018786881307283978,-0.1975455728263488,-0.23815555415899653,-0.19718424127107984,0.06328944444941956,-0.004010107193578373,-0.2398020935133672,-0.15862342654631895,0.0692025406570791,-0.07108166794094638,-0.002731670741592,-0.13798388989819826,-0.13798388989819826,-0.2673838493023997,-0.0800371413674213,-0.2512016490327232,-0.3142409500832092,-0.25128922308030993,-0.3271058770059508,-0.16807579982685786,-0.044874306495849156,-0.1303421211067147,-0.1752787895211898,-0.24825025929140349,-0.10584880852882474,-0.08403560657097488,-0.1458920068964465,-0.2620370282166241,-0.006878269755361067,-0.21051563243139362,-0.3387746405586423,-0.02139260661664813,-0.11941873511910354,-0.15734862379769268,-0.3457724527237424,-0.07832023317791045,-0.2262702805488104,-0.18855825387170935
-0.12359928313478234,-0.036102552470302536,0.024913667009985575,-0.18857502427913192,-0.22764967813123482,-0.18595642205983673,0.1044586504046313,-0.011565479094510157,-0.21736103544776766,-0.14447681219117614,0.057664174564233575,-0.06316814928086915,0.0005213319004797926,-0.1352989940229166,-0.1352989940229166,-0.25078336361394654,-0.08585873478117788,-0.2473171340216386,-0.31791105849935086,-0.23488597392366303,-0.33214435192143377,-0.1711253488583331,-0.03749527072977118,-0.10963342817830682,-0.15755009132207634,-0.23061749741888166,-0.10125816956693902,-0.06586099910622849,-0.15270517995298472,-0.23296886688306598,-0.008300711896813398,-0.2132621093382977,-0.31409105966085754,-0.001255783019591921,-0.09659899724758655,-0.14802709103656003,-0.3265009021810025,-0.09546514703904042,-0.2102307939063271,-0.16633854279004937
-0.11401417717531626,-0.009724471471410768,0.030276682623629345,-0.17913593710060566,-0.21797503437982035,-0.17437854567607725,0.13547386290051094,-0.020114497987085003,-0.1982638535774773,-0.13137212154472594,0.046415062918923077,-0.05599523773555855,0.002848340998013502,-0.1345632308384786,-0.1345632308384786,-0.23479296439349354,-0.09060244747952202,-0.24351638944246448,-0.324209018506065,-0.21908677599596318,-0.3293933284470805,-0.17544003658613633,-0.029212802413151672,-0.08951206679831376,-0.13916289727566347,-0.2126013184618716,-0.09639441489423671,-0.048000189797125156,-0.1588983741701636,-0.20432593385151562,-0.009852713627552297,-0.21667227125197536,-0.2890798595796647,0.01762222893249916,-0.07497573589197783,-0.1381771627680566,-0.3068407144727553,-0.11109195779030838,-0.1943615541619662,-0.14558011463146628
-0.10489896572742705,0.012509878494238267,0.03474111221418902,-0.17235703131459576,-0.2103332292499581,-0.16237587218426994,0.15724180592178147,-0.029856432968414975,-0.18467732146581725,-0.11832920757910295,0.03592989793483027,-0.049539061270335236,0.004686798543498296,-0.1355381236266759,-0.1355381236266759,-0.22018274074331365,-0.09405714901189619,-0.23926920702788815,-0.333591228975986,-0.2039794209807297,-0.3183673099495328,-0.18069637524613236,-0.021061181737652954,-0.07037842343911928,-0.12050163332865783,-0.1947163936289625,-0.09120518176770576,-0.030470251680883128,-0.16433028772128594,-0.17857287835145855,-0.011281260954984872,-0.2203943020083211,-0.2641374933275315,0.03391877698861456,-0.05577284716996403,-0.1275946970012499,-0.2857561752588301,-0.12479296049239097,-0.17857068916841903,-0.1257214704249159
-0.09634845778427963,0.03050593578508575,0.03796702541059052,-0.16818361087506176,-0.20448817121671448,-0.14991727968401738,0.1693886233627226,-0.03977852014460507,-0.1758869813479115,-0.10471089886352122,0.02663969662082256,-0.04376373013763136,0.00631201670733509,-0.1378982095160183,-0.1378982095160183,-0.20687143122679147,-0.09607830846701794,-0.23423277939076728,-0.34362378995870885,-0.18959917653350644,-0.3003986773561276,-0.18652111869003735,-0.013468334843241643,-0.05265474722657429,-0.10199014702452769,-0.17738976214544558,-0.08564791018368971,-0.013273456554473527,-0.16881389347335604,-0.1569006990592349,-0.012381311353874762,-0.2240345445745684,-0.23923019856328534,0.04803954432895001,-0.039247807378056256,-0.11621477720199236,-0.26217914959295197,-0.13621420787279473,-0.162781073318491,-0.1064519503158704
-0.08838217693034768,0.04551904547538194,0.039405611504793575,-0.16392537407655647,-0.19912372784021995,-0.1370123229860387,0.17099458260942213,-0.04910455730982292,-0.1691119254876362,-0.09011175953086079,0.018820500483825754,-0.03860820224898081,0.007828052282353873,-0.14125590878687705,-0.14125590878687705,-0.19415601266375257,-0.09657621461912695,-0.2282058682612084,-0.35196847782378005,-0.17593215367432813,-0.27675909634904233,-0.1924932572880906,-0.006417997552602676,-0.03682056543295547,-0.08402864627126827,-0.1608868045776614,-0.07969001446345597,0.0035896922097989974,-0.17213580305435278,-0.1380689072621438,-0.01300763841862974,-0.22716029170869714,-0.21405638566062662,0.059860392400322156,-0.025860588922185946,-0.10401416605576559,-0.23557187445191577,-0.14510692798815972,-0.14694109486973367,-0.08764928513075815
-0.0809801471783103,0.058606653889056566,0.038686477736053125,-0.15737332270123566,-0.19301914615878987,-0.12370519592214993,0.16186014154021142,-0.05722783868040746,-0.16199915742110438,-0.07427757622315534,0.012499097117648982,-0.03400098466070483,0.009445896809457446,-0.14500907191534568,-0.14500907191534568,-0.18139940706657523,-0.095502213296644,-0.22104644941785162,-0.35675722779162483,-0.16295649503501242,-0.24880346924953836,-0.19818027165446003,0.00010552484833596554,-0.023832729852332993,-0.06704418792973474,-0.14526372300234228,-0.07338713962762129,0.020058215500777035,-0.1741240127641022,-0.12035091203351982,-0.013088658144634975,-0.22931468394005447,-0.18847799653627403,0.07094098642192694,-0.014087031959459258,-0.09090517153745786,-0.20536704746369996,-0.15134196065258299,-0.13104167167146982,-0.06914376329210108
-0.07411484399584957,0.07057773505132779,0.035721038318792704,-0.14701079290998686,-0.18515241095645732,-0.11005980555663758,0.14441355625850286,-0.06365863820704909,-0.1527998325452161,-0.05704917642442269,0.007469021422464894,-0.02987821457468227,0.01174580503749796,-0.14765510445865115,-0.14765510445865115,-0.16807842229669287,-0.09283545563427567,-0.21249380178296234,-0.3561611928937031,-0.15060851667198027,-0.21804713478937493,-0.20317904978104964,0.00574054587234441,-0.015203141963081741,-0.05145843457484504,-0.13081426728023976,-0.06689245663408083,0.03574970010536376,-0.1748263509904014,-0.10255787723115556,-0.012560393118221653,-0.23003528490323047,-0.1625608105238517,0.08190711755071738,-0.0033609060316740877,-0.07668320777867747,-0.17168432050412466,-0.1549923946315509,-0.11516157895203334,-0.05085667467208429
-0.0677062062965294,0.08240056840216656,0.030743366096978194,-0.13158504647631003,-0.1745295932083969,-0.09615735293824017,0.12111713386053795,-0.06799745779638915,-0.13989201376923824,-0.03833831602649493,0.003464945022400139,-0.02619748718515043,0.014728823522842473,-0.14600878619686264,-0.14600878619686264,-0.15369096770529642,-0.08857705243620234,-0.20179943924391588,-0.348132377345506,-0.13882674121111618,-0.18610988592418587,-0.20659354664434235,0.009969158218518948,-0.011899261289663537,-0.03749868529043157,-0.11702185433722861,-0.06032812634469275,0.05038764608119583,-0.17380936108022424,-0.0838457345447863,-0.011584817090933338,-0.22865575360790974,-0.13681732733497462,0.09342506189814788,0.006788114950063462,-0.06178020857014519,-0.13598468941573555,-0.15621564567939078,-0.09953412510569876,-0.03270191933872316
-0.06127150162912394,0.09449647025867439,0.024126331234609447,-0.11111137909464681,-0.1606166543319614,-0.08218683678307379,0.09119377881798829,-0.06992304479614997,-0.12263428448585606,-0.018101945502799442,0.00026038122682688677,-0.022842154188142314,0.01747228418667464,-0.13778986371261553,-0.13778986371261553,-0.13799650436283636,-0.08271904985440418,-0.1879647016142946,-0.331938540472141,-0.1275454890051797,-0.15392046083036168,-0.2061400071407325,0.013043698380219713,-0.013803272198014218,-0.02505255799199802,-0.10345130321584663,-0.053824068586382626,0.06392355496378997,-0.16926294681650111,-0.06347978473005232,-0.010109006193679358,-0.22380445088289838,-0.11181965576746809,0.10581861910621876,0.016537298805298358,-0.047744462394073844,-0.10073355556056107,-0.1549490757238727,-0.0844773563719011,-0.014593339381737897
-0.05444271736359281,0.10718585305520337,0.016604065639468396,-0.08596290674537625,-0.14308604121514246,-0.06854318131616849,0.05477955488657249,-0.0691575031915788,-0.10052594590508523,0.0038357203607614822,-0.0023389819227088286,-0.019738397101355876,0.019094703461781336,-0.12207156963787164,-0.12207156963787164,-0.12086194579974713,-0.07513750189201772,-0.17034374582066936,-0.30722069499861676,-0.11670657658709166,-0.12191684378809077,-0.20006827252427045,0.015239350144027067,-0.019322629310573127,-0.014021742347886553,-0.08993301034766116,-0.04751779054460258,0.07629758919176462,-0.15968109515763662,-0.040860611997978684,-0.008231766020281677,-0.214529467266492,-0.0880799562353142,0.11924297869943097,0.025907704789729483,-0.03599464592382009,-0.06871546669112402,-0.15129132713628898,-0.07034970929403848,0.003643207841893459
-0.04706921706436386,0.1209428920775367,0.00903299780191087,-0.057227650792881356,-0.12200002189373617,-0.05584677994842511,0.01253936870170492,-0.06543880653621405,-0.07311911382525005,0.027394393763170113,-0.004572699653716667,-0.01682979507381411,0.0190420809004207,-0.09873546403104475,-0.09873546403104475,-0.10236755039424325,-0.06588897091334023,-0.14778510754867943,-0.2744727352674552,-0.10628529958823511,-0.09057367020726552,-0.18761441417317196,0.016719224016739906,-0.02610045592806569,-0.004347598366500295,-0.07655234114082034,-0.04150471755677199,0.08745626303543387,-0.1443722244253201,-0.01527841007949736,-0.006041208138179784,-0.20056417085719064,-0.06606414789758192,0.13351479618323042,0.03463165429128204,-0.027393657547003705,-0.04221359602129208,-0.14559601116631934,-0.057507816154034525,0.02246166614371662
-0.03913624024552658,0.13647623537930734,0.0020374136120019383,-0.026703682224512176,-0.0980345180793203,-0.04459284595682317,-0.031196566495296323,-0.058373905379910405,-0.040677044394070744,0.05245200765487138,-0.0064359790084264675,-0.01409093468878768,0.018184264285373654,-0.068410815101615,-0.068410815101615,-0.08295253735037476,-0.05501015748154755,-0.12087994728976853,-0.23525975347261935,-0.09620124415894467,-0.06035629954040227,-0.168753015216643,0.017533491315579824,-0.03241072741027671,0.004019519062540109,-0.06342996889698248,-0.035764754236078854,0.09733842948524336,-0.12356159658061283,0.012270479057991421,-0.003649028594519764,-0.18216988422270777,-0.04618864893502981,0.1479604987104391,0.042171989971879056,-0.02144373587774801,-0.022360342642911812,-0.13812300424184798,-0.046268436790247135,0.041432416979043735
-0.030720631422546656,0.15312391105750017,-0.003985616804092965,0.0025816917783306787,-0.07297391819349279,-0.03509458647420462,-0.06962297570449125,-0.04786028753342026,-0.005896135617472082,0.07882513379548498,-0.00799971188583986,-0.011523289105751644,0.018367312581918253,-0.03398937728050599,-0.03398937728050599,-0.06366479886384946,-0.04252124066092272,-0.09078684730334667,-0.19344894813179836,-0.08654128905253618,-0.03183247120410952,-0.1439723482335794,0.017925373524435347,-0.03713701520757803,0.011184743972329178,-0.05069450489106035,-0.030231852083563934,0.10592177069722362,-0.09908245338905317,0.04071548424388416,-0.0012050102619087584,-0.15991192715758717,-0.028812440994044973,0.16086396226492625,0.04750256174943733,-0.016751875306103267,-0.008643827371521865,-0.12901317113685876,-0.03678725486449229,0.05829931633113816
-0.022254046839047546,0.17001654280208076,-0.008820719023163896,0.029349148694218948,-0.04840587586851199,-0.02753798589390153,-0.0979150462318589,-0.03385032033424821,0.029078825170259476,0.10645553368760453,-0.009234858751920347,-0.00914500967577194,0.02074258176098773,0.00047830530027672275,0.00047830530027672275,-0.045403057608713215,-0.028361100089606087,-0.058738818380679785,-0.1518970583270742,-0.07727205383549911,-0.005596439208411453,-0.11543853752708562,0.018350008671436963,-0.03958872876502168,0.016995583300340514,-0.03853766644027792,-0.024887876858748867,0.11256225419083832,-0.07374202425256295,0.06919664614503189,0.001100545243567562,-0.1352860888295495,-0.014204467295598214,0.17088519269137872,0.050219603189857034,-0.012301215658420494,0.0013089511720224772,-0.11836743415382692,-0.029026819401444453,0.07184221053732552
-0.0143455310997855,0.18624897896182802,-0.012402712212691604,0.0536955102943186,-0.025515945836485147,-0.021925404046711595,-0.11364091405506535,-0.016391428142262694,0.0625731981263678,0.13556384027544863,-0.010100098417249926,-0.006972777410809426,0.025682372083543622,0.032300106295177725,0.032300106295177725,-0.02882437390230106,-0.012415126192217121,-0.02594632172404768,-0.1115868415576332,-0.06840794518252435,0.017905611568351694,-0.08616738349802834,0.01919240147859145,-0.03950677728769922,0.021191946261874352,-0.02703030514947325,-0.019784311821646368,0.11627324792881195,-0.049521951632153616,0.09688291150379569,0.0030406730730071613,-0.11025787372389974,-0.002586901606863476,0.17779886569273595,0.05080686539091206,-0.007536851988467475,0.010339746670721147,-0.10633634805379126,-0.02283613561542935,0.0812592067371788
-0.007375189714490655,0.20077769988505356,-0.014773100884053498,0.07594406934333324,-0.005213240324456276,-0.017863377556763614,-0.11559845434884951,0.00430011193784216,0.09302941645770922,0.16599852886344119,-0.010562447399328613,-0.0050714682233945286,0.033017198086936254,0.05984788901567447,0.05984788901567447,-0.014435730413784582,0.005115267017090402,0.006325512887819574,-0.07296915686179636,-0.06000856992550375,0.03827044739445523,-0.05828822458121224,0.020347578229038783,-0.03696196334420071,0.023738778356023886,-0.01619463295305201,-0.0151063710408231,0.11657009121282969,-0.027640271580674707,0.12309816839011384,0.0043949451534958245,-0.08625169987981836,0.006038538768455306,0.18176209720605158,0.05014422833120044,-0.0022229156305594586,0.01895378800441158,-0.09324111399237159,-0.01800007412862715,0.08708178417042946
-0.001534951820156532,0.21242081305931632,-0.01603346023671526,0.09583708440716648,0.011760695708326996,-0.014768224532913939,-0.10454505488620543,0.027439575901346703,0.11893540772255623,0.19507146978117254,-0.010632208081314246,-0.0035095960295352595,0.04221442739373311,0.08225179821703461,0.08225179821703461,-0.0026559360034780983,0.02298686209999976,0.03679641280330547,-0.036742221215026086,-0.05205950074305711,0.05518156831928415,-0.03315982647103197,0.021503058519151443,-0.032267216981979194,0.024779147761391108,-0.005960955109560347,-0.011108965995087457,0.11332257557753388,-0.008772941636412434,0.14696899061739524,0.005117407109458154,-0.06421509887247218,0.012038896831344976,0.1828324745681957,0.04879650550743254,0.0036557553724106805,0.02565901607265373,-0.07955853712939286,-0.014268265943109131,0.09093093466538377
0.0031127992608189392,0.21994274231315986,-0.016245364732634514,0.1124153383151071,0.024814105238503123,-0.012191499374666374,-0.08082220378607345,0.051900154113972474,0.1386198286477388,0.22018390413373293,-0.010340831967624498,-0.002299090890132607,0.05251920942832191,0.099170654618327,0.099170654618327,0.0061977051310089645,0.039968188276845285,0.06418479713872549,-0.0041829061304380225,-0.04448078353162857,0.06920291804521352,-0.011577276736639469,0.022502715977006347,-0.025895122264159742,0.02457680663711708,0.0035313373611551074,-0.007885660043660469,0.10675215723800106,0.006782477875055775,0.16760186268233243,0.005446327147756966,-0.04473660472170577,0.01590783488592005,0.18090309167103205,0.046931532391136455,0.009974842626585751,0.029527659343062132,-0.06571400138553832,-0.01138885272349487,0.09377112961427253
0.006592402082290753,0.22263248675202615,-0.015459080282473578,0.12488411678031941,0.03378952868168776,-0.009830555382777627,-0.04974582821765957,0.07497957566517924,0.15120420151381214,0.2394822044127215,-0.0097333105562585,-0.0014106743198312613,0.06307073952115885,0.11062209525045479,0.11062209525045479,0.01215420813375605,0.05508454884292631,0.08730279943935479,0.023083317950012845,-0.037366181866745986,0.08124372308080355,0.006072382542937711,0.02330478927815458,-0.01843172531618079,0.023449373649749503,0.01165491960027321,-0.00537077901425846,0.0971218089775442,0.018986642397870103,0.18413768428403024,0.0056827043181249814,-0.028135025124913293,0.01806996032372613,0.1760638395029059,0.04466392375481096,0.016546853048816316,0.030035277059139706,-0.0522283227451351,-0.009126008010999257,0.09592686561744958
0.00898384452150907,0.2214301128839058,-0.013740933810032887,0.13472943264757048,0.03966704542532392,-0.007491708384994147,-0.010868885291558139,0.09495937835739217,0.15813509214618446,0.25163024544563795,-0.008861528346334113,-0.0007933000685150346,0.07312995011101414,0.1168589388504387,0.1168589388504387,0.01599823275999206,0.06749297734911726,0.10547205860617075,0.04430780988888994,-0.030620678753018795,0.09169260766266374,0.019693334888232862,0.023914837653712297,-0.010386969843794445,0.021644444497922567,0.01788192616306617,-0.0034654752447631863,0.08849572257471948,0.027970944089000332,0.1957720584200133,0.0060466160371553035,-0.01452744129438951,0.018897916026916133,0.16934176740053983,0.0427879519523837,0.023182323847381864,0.027280826924459867,-0.03959090996343492,-0.007274793585002536,0.09736593028584255
0.010400430050049819,0.21758710557454175,-0.011188780551271704,0.1441987723481556,0.04389139155818444,-0.005057787755871729,0.027803648008797838,0.11063260922754523,0.16185999883153618,0.2551957676409304,-0.007779454986309907,-0.00038528407941495135,0.08214836759580393,0.11828081568343654,0.11828081568343654,0.018801106558910104,0.07632420124530148,0.11811416422666746,0.061284035039005515,-0.024320380502950288,0.09967042037560321,0.02939389940943095,0.024297055487467023,-0.002215918313181192,0.019407357845213406,0.022037327899220097,-0.0020710154080870705,0.07908921081658049,0.03397449951089155,0.2023793079639522,0.006647820175448877,-0.0038810853793087236,0.01868134770730662,0.16200466670476452,0.0422040199022333,0.029675337368489572,0.021992954892423863,-0.028327385561780757,-0.005667628400916517,0.09788030526372661
0.010973716305211786,0.2116893721830622,-0.007943994639425578,0.1541325260575984,0.04744819226729339,-0.0024748822774927886,0.0611961558289764,0.12121321295508959,0.16400860567610348,0.24919199875567072,-0.00654066219484756,-0.00012224264004018638,0.08962291099236065,0.11537240579183976,0.11537240579183976,0.02135341139034173,0.08087237916477506,0.12470865187568057,0.07640091756402116,-0.018186579310172753,0.10419264677224835,0.03542231825809835,0.02434302247561758,0.005634844475857274,0.016969622175134626,0.02418681132284813,-0.0010921448852346432,0.0700300606573063,0.03731264297785579,0.20463682203774047,0.007307177073257078,0.003947172838917423,0.017667966572796037,0.15460406190611456,0.0431818979649594,0.03582129286307138,0.015112050336894627,-0.018961003301507368,-0.004177965563307003,0.09711491659736222
0.010836307196037778,0.20380080427308142,-0.00425745807740342,0.16414807856459687,0.05082410486822683,0.00019971516211728278,0.08685425551430236,0.12607452582853587,0.16521695672067446,0.23311099071667807,-0.00521136993077348,6.003055534582917e-06,0.09508476608708741,0.10866159138000445,0.10866159138000445,0.024019662273168155,0.08073285541271254,0.12471536774678,0.09046678838450724,-0.012569883677046758,0.10454706652522365,0.03812017330689533,0.023848632704986588,0.01260734504118444,0.014532954563718949,0.024549261713486082,-0.0004431921564035061,0.060732282533836425,0.03818593547630844,0.20183480485783967,0.007581212495749826,0.009180962880001002,0.016074282444318983,0.14709346279107713,0.04547000021337803,0.041321812079245054,0.00861124267500615,-0.01171078206060364,-0.0028528028779005394,0.09467317682191859
0.010126641372119308,0.1929775132551824,-0.0007356296553210791,0.17170922117834764,0.05353218784856103,0.002592609044278445,0.102879459354731,0.12463421459837565,0.16429015367183622,0.20880654058705467,-0.0038641591055925484,0.00010301580320730397,0.09721135983900982,0.09869242146025169,0.09869242146025169,0.02647139947251045,0.07658964884260024,0.11736211180147546,0.10154518082084509,-0.007267026683177699,0.10025809682527331,0.037889388231575234,0.022469206860645033,0.01707426235796995,0.012232405504103998,0.02337478389244173,-4.8032431689514834e-05,0.05157515564151722,0.036841394555607136,0.19288811610236786,0.007274016484788824,0.012102086603549916,0.014096823663314325,0.1384472713588796,0.0479711078882632,0.04508367815379214,0.004371547469375574,-0.006501951601080834,-0.0017686890153188947,0.09029180940830518
0.0089767892849594,0.17677193716492937,0.0017887327006573294,0.1715958068592259,0.053849248204289456,0.004094074043639989,0.10806954227457718,0.1163589539930045,0.157589234492136,0.1794180410215928,-0.0025942215854074884,0.00019322915487697892,0.09347457264199095,0.08600904206141413,0.08600904206141413,0.02758971853708039,0.0694625503878774,0.10391480744211974,0.10503519380522645,-0.0030348451919212814,0.09116232499534158,0.03516969516550455,0.019813799793566674,0.018561225278066047,0.010096976066076045,0.020933830512486592,0.00015919617393811655,0.04241045246123282,0.03357305935443612,0.17700785174681993,0.00650576089653325,0.013034129684197314,0.011896650989312382,0.1265226751453396,0.04854608630076517,0.04510973977001612,0.003075724488640089,-0.003067777942305698,-0.0009605658769146205,0.08392325606674084
0.007512005305313213,0.15352901115110892,0.0029721713996632483,0.1596660233469066,0.05028524623256784,0.00447847111016387,0.10201490453814387,0.10090468551848351,0.14214568370074845,0.14713690561819293,-0.001524893801033847,0.00024055114238856902,0.08283920924830022,0.07114772161625943,0.07114772161625943,0.026381245099313392,0.05902541522859324,0.08622435028606157,0.09778150891690493,0.0002971078711041045,0.07824954865012489,0.03042415943869726,0.015872608845291406,0.017566805379674977,0.008018594673085789,0.01745655697099637,0.00023388945857091706,0.033351065570723606,0.0287104158405729,0.15371015189827097,0.005417209696276118,0.012330772781753442,0.009617102316260591,0.10975085971296475,0.04557420046575566,0.04071709349310193,0.0042624694742935095,-0.0010318680126552321,-0.00042974544141366873,0.0748882816113911
0.00583579814066035,0.12239190003668052,0.0030188345092026477,0.13291738854519,0.04191810056319102,0.003938976385710127,0.0858852112861945,0.07888602219075082,0.11619829033145157,0.11347484886454771,-0.000761987509273737,0.00023726103168052998,0.06654252779833825,0.05463485889878033,0.05463485889878033,0.022253915597317445,0.045698703737261884,0.06539301162337177,0.07997853229194195,0.001535341244473175,0.06159992369237607,0.02413091173492811,0.01122475134858683,0.014615496114314027,0.00579869823212854,0.013090423282443265,0.00022101083322557624,0.024349821197875404,0.0226098140642948,0.12286383862976868,0.004111627843814774,0.010367830166073946,0.0073784233214461824,0.08726429624618295,0.03815925086982329,0.032835421092395456,0.005999708180641877,1.3985004320268314e-05,-0.00014047242627813664,0.061469710688584284
0.004036532656360644,0.08448692942847323,0.002273129925153918,0.0934154436435625,0.02932505382856924,0.0027790477589930583,0.06163282766643563,0.0528367824124583,0.08103594163601202,0.07840702815170385,-0.00031192652033974153,0.00019441554170701063,0.04621751463962589,0.03698945044216679,0.03698945044216679,0.015568969750877465,0.03051979497708109,0.04312127246355381,0.05485501639379965,0.0017840215967536912,0.041958854714818236,0.01677967067447622,0.006594996415476878,0.010233262797354477,0.0034749150243876506,0.008250184695029817,0.00015514148429225224,0.01637213846926207,0.015648183886450246,0.08535858557145037,0.0026648010673848274,0.00753824383098515,0.0051133339413159855,0.05986589182694534,0.026856019073181924,0.022579437236033412,0.006312805959434255,0.0004308192099130518,-2.8552817164946495e-05,0.04333011731495791
0.002193783576298299,0.04255320008300026,0.0010700212322250053,0.04645485734646237,0.014250624075098485,0.001274202515722315,0.03204898809370209,0.02571795914637953,0.04039912522117522,0.04036659063911829,-5.5842784314222325e-05,0.0001364460244809017,0.023459287125551436,0.018728953176650933,0.018728953176650933,0.007402230697149374,0.014363127075049411,0.020164322250428208,0.025746395679710737,0.0013590828188978449,0.020508606673266903,0.008871976933791385,0.0025451146477913408,0.004988053241337787,0.0014203060263705551,0.003799179933576885,6.425019756369461e-05,0.00832052508507952,0.008218520853225953,0.042579770133945205,0.0011562739799948877,0.0042494133975202,0.002555028649032223,0.029613034436875338,0.013276340377427037,0.010951629986985793,0.004878675820371632,0.00034514455540430087,-9.67835638760536e-06,0.02202758876925273
0.0,0.0,0.0,0.0,0.0,0.0,0.0,0.0,0.0,0.0,0.0,0.0,0.0,0.0,0.0,0.0,0.0,0.0,0.0,0.0,0.0,0.0,0.0,0.0,0.0,0.0,0.0,0.0,0.0,0.0,0.0,0.0,0.0,0.0,0.0,0.0,0.0,0.0,0.0,0.0
